{"cameraMode":{"drawMode":0,"name":"Shaded","section":"Shading Mode"},"sceneLighting":false,"audioPlay":false,"sceneViewState":{"showFog":true,"showMaterialUpdate":false,"showSkybox":false,"showFlares":true,"showImageEffects":true,"showParticleSystems":true},"in2DMode":false,"pivot":{"x":1.2492485046386719,"y":-6.377216815948486,"z":11.266656875610352},"rotation":{"x":-0.345221608877182,"y":-0.11391846835613251,"z":0.04224096238613129,"w":-0.9306576251983643},"size":10.60954761505127,"orthographic":false}