{"cameraMode":{"drawMode":0,"name":"Shaded","section":"Shading Mode"},"sceneLighting":false,"audioPlay":false,"sceneViewState":{"showFog":true,"showMaterialUpdate":false,"showSkybox":false,"showFlares":true,"showImageEffects":true,"showParticleSystems":true},"in2DMode":false,"pivot":{"x":-0.3302578926086426,"y":-3.649266242980957,"z":1.520430564880371},"rotation":{"x":-0.6297833323478699,"y":0.007454949896782637,"z":-0.0060442727990448479,"w":-0.7767143249511719},"size":1.299038052558899,"orthographic":false}